{
  "accuracy": [
    0.7832275032997131,
    0.8849735260009766,
    0.9067195653915405,
    0.9216402173042297,
    0.931587278842926,
    0.9331216812133789,
    0.9420105814933777,
    0.9441269636154175,
    0.950687825679779,
    0.9511111378669739,
    0.9529629349708557,
    0.9556613564491272,
    0.9570899605751038,
    0.9573016166687012,
    0.9586772322654724,
    0.961904764175415,
    0.9718518257141113,
    0.973121702671051,
    0.9729629755020142,
    0.9739153385162354,
    0.9729100465774536,
    0.9762963056564331,
    0.9753968119621277,
    0.9746031761169434,
    0.9771957397460938,
    0.9761375784873962,
    0.9770370125770569,
    0.9756084680557251,
    0.9773545265197754,
    0.980211615562439,
    0.9826455116271973,
    0.9848677515983582,
    0.9835978746414185,
    0.9842327833175659,
    0.9835978746414185,
    0.9849206209182739,
    0.9852380752563477,
    0.9841799139976501,
    0.9847090244293213,
    0.9851322770118713,
    0.9851852059364319,
    0.9860846400260925
  ],
  "loss": [
    0.6354846358299255,
    0.35396823287010193,
    0.2784808278083801,
    0.23674851655960083,
    0.20768116414546967,
    0.2012573629617691,
    0.1741885244846344,
    0.16823886334896088,
    0.14900904893875122,
    0.15027152001857758,
    0.13970372080802917,
    0.1313512623310089,
    0.12821617722511292,
    0.1317290961742401,
    0.122721366584301,
    0.11655332893133163,
    0.08689787983894348,
    0.08174143731594086,
    0.07935073971748352,
    0.07821958512067795,
    0.08019315451383591,
    0.07162141054868698,
    0.07537288963794708,
    0.07421015202999115,
    0.06894644349813461,
    0.07130424678325653,
    0.06931047886610031,
    0.06948049366474152,
    0.06411723047494888,
    0.06273797154426575,
    0.05250309035181999,
    0.04673480987548828,
    0.04994739964604378,
    0.048047985881567,
    0.04729100689291954,
    0.04875726252794266,
    0.04424482211470604,
    0.04566703736782074,
    0.046228229999542236,
    0.043417371809482574,
    0.0439034141600132,
    0.041014038026332855
  ],
  "val_accuracy": [
    0.7799999713897705,
    0.8770370483398438,
    0.9081481695175171,
    0.9217283725738525,
    0.9224691390991211,
    0.9279012084007263,
    0.9501234292984009,
    0.9582716226577759,
    0.9449382424354553,
    0.9399999976158142,
    0.9661728143692017,
    0.9395061731338501,
    0.9501234292984009,
    0.95876544713974,
    0.9498765468597412,
    0.9580246806144714,
    0.9693827033042908,
    0.973086416721344,
    0.9755555391311646,
    0.9770370125770569,
    0.9767901301383972,
    0.9767901301383972,
    0.9762963056564331,
    0.9777777791023254,
    0.9800000190734863,
    0.9797530770301819,
    0.9760493636131287,
    0.977530837059021,
    0.9780247211456299,
    0.9800000190734863,
    0.9807407259941101,
    0.9859259128570557,
    0.9839506149291992,
    0.9832098484039307,
    0.982962965965271,
    0.9824691414833069,
    0.9846913814544678,
    0.982962965965271,
    0.9851852059364319,
    0.9837037324905396,
    0.9832098484039307,
    0.9839506149291992
  ],
  "val_loss": [
    0.6151837706565857,
    0.365066796541214,
    0.28565713763237,
    0.23821686208248138,
    0.20621946454048157,
    0.2155972570180893,
    0.13759124279022217,
    0.13307128846645355,
    0.17135702073574066,
    0.17259745299816132,
    0.09120151400566101,
    0.18149690330028534,
    0.14770829677581787,
    0.12602150440216064,
    0.14415504038333893,
    0.12304738163948059,
    0.09357178956270218,
    0.08246532082557678,
    0.07034721225500107,
    0.07156044244766235,
    0.06508004665374756,
    0.07619908452033997,
    0.06473125517368317,
    0.06942098587751389,
    0.054216861724853516,
    0.06293675303459167,
    0.0725795105099678,
    0.0711558610200882,
    0.06896345317363739,
    0.06521642953157425,
    0.05752357468008995,
    0.05111156776547432,
    0.04762760177254677,
    0.05207210034132004,
    0.05112508311867714,
    0.054047610610723495,
    0.043648116290569305,
    0.05744403973221779,
    0.04753299802541733,
    0.05005704239010811,
    0.05551246926188469,
    0.05103197693824768
  ],
  "learning_rate": [
    0.0010000000474974513,
    0.0010000000474974513,
    0.0010000000474974513,
    0.0010000000474974513,
    0.0010000000474974513,
    0.0010000000474974513,
    0.0010000000474974513,
    0.0010000000474974513,
    0.0010000000474974513,
    0.0010000000474974513,
    0.0010000000474974513,
    0.0010000000474974513,
    0.0010000000474974513,
    0.0010000000474974513,
    0.0010000000474974513,
    0.0010000000474974513,
    0.0005000000237487257,
    0.0005000000237487257,
    0.0005000000237487257,
    0.0005000000237487257,
    0.0005000000237487257,
    0.0005000000237487257,
    0.0005000000237487257,
    0.0005000000237487257,
    0.0005000000237487257,
    0.0005000000237487257,
    0.0005000000237487257,
    0.0005000000237487257,
    0.0005000000237487257,
    0.0005000000237487257,
    0.0002500000118743628,
    0.0002500000118743628,
    0.0002500000118743628,
    0.0002500000118743628,
    0.0002500000118743628,
    0.0002500000118743628,
    0.0002500000118743628,
    0.0002500000118743628,
    0.0002500000118743628,
    0.0002500000118743628,
    0.0002500000118743628,
    0.0002500000118743628
  ]
}