{
  "accuracy": [
    0.6801587343215942,
    0.8036507964134216,
    0.8436508178710938,
    0.8728042244911194,
    0.8868783116340637,
    0.9013756513595581,
    0.9084126949310303,
    0.914126992225647,
    0.9218518733978271,
    0.9326454997062683,
    0.9311110973358154,
    0.9316402077674866,
    0.9389417767524719,
    0.9422751069068909,
    0.940423309803009,
    0.946137547492981,
    0.9489418268203735,
    0.9510582089424133,
    0.9623280167579651,
    0.9646031856536865,
    0.9644444584846497,
    0.9651322960853577,
    0.965238094329834,
    0.9671957492828369,
    0.9689418077468872,
    0.9658201336860657,
    0.9685714244842529,
    0.9667724967002869,
    0.9696296453475952,
    0.9697354435920715,
    0.9702116250991821,
    0.9712169170379639,
    0.9723280668258667,
    0.9735449552536011,
    0.9734920859336853,
    0.9729100465774536,
    0.978518545627594,
    0.9797883629798889,
    0.9811640381813049,
    0.978941798210144,
    0.9794179797172546,
    0.9816931486129761,
    0.9830687642097473,
    0.9838095307350159,
    0.9837566018104553,
    0.9835978746414185,
    0.9852380752563477,
    0.9851852059364319,
    0.983650803565979,
    0.9852910041809082
  ],
  "loss": [
    0.9079492092132568,
    0.5812185406684875,
    0.46509337425231934,
    0.3814168870449066,
    0.3377001881599426,
    0.29757800698280334,
    0.27050089836120605,
    0.2545383870601654,
    0.2315506935119629,
    0.2102462351322174,
    0.20037135481834412,
    0.19465497136116028,
    0.18566478788852692,
    0.1720302700996399,
    0.17972275614738464,
    0.16021817922592163,
    0.15705165266990662,
    0.14874285459518433,
    0.11217214167118073,
    0.1039498820900917,
    0.10348464548587799,
    0.10511413961648941,
    0.10443955659866333,
    0.0974576473236084,
    0.09187761694192886,
    0.09954908490180969,
    0.097792848944664,
    0.09703855216503143,
    0.08967269957065582,
    0.08665568381547928,
    0.0856437161564827,
    0.08329892158508301,
    0.08072712272405624,
    0.08005916327238083,
    0.07973595708608627,
    0.08091330528259277,
    0.06329311430454254,
    0.059467095881700516,
    0.05802547559142113,
    0.058767665177583694,
    0.05865693464875221,
    0.05354796350002289,
    0.048276565968990326,
    0.04813273251056671,
    0.0489722304046154,
    0.046376828104257584,
    0.044434964656829834,
    0.04306204244494438,
    0.04734310507774353,
    0.042323656380176544
  ],
  "val_accuracy": [
    0.4358024597167969,
    0.811604917049408,
    0.7617284059524536,
    0.8113580346107483,
    0.8553086519241333,
    0.8666666746139526,
    0.8632099032402039,
    0.8955555558204651,
    0.9382715821266174,
    0.9177777767181396,
    0.9222221970558167,
    0.919259250164032,
    0.9414814710617065,
    0.8627160787582397,
    0.9172839522361755,
    0.9387654066085815,
    0.9150617122650146,
    0.887901246547699,
    0.9558024406433105,
    0.9575308561325073,
    0.9646913409233093,
    0.9609876275062561,
    0.9580246806144714,
    0.9651851654052734,
    0.9614814519882202,
    0.9651851654052734,
    0.9441975355148315,
    0.9483950734138489,
    0.9723456501960754,
    0.9622222185134888,
    0.9740740656852722,
    0.9599999785423279,
    0.9646913409233093,
    0.9414814710617065,
    0.9486419558525085,
    0.9565432071685791,
    0.9772839546203613,
    0.978518545627594,
    0.9683950543403625,
    0.9772839546203613,
    0.9760493636131287,
    0.978518545627594,
    0.9800000190734863,
    0.9804938435554504,
    0.9812345504760742,
    0.9809876680374146,
    0.9807407259941101,
    0.9790123701095581,
    0.9804938435554504,
    0.9797530770301819
  ],
  "val_loss": [
    1.9421254396438599,
    0.5224007964134216,
    0.8454803228378296,
    0.609112560749054,
    0.4403618574142456,
    0.4244541823863983,
    0.4381984770298004,
    0.3039261996746063,
    0.18298237025737762,
    0.24161407351493835,
    0.23072485625743866,
    0.23286360502243042,
    0.17864544689655304,
    0.4653332531452179,
    0.24299313127994537,
    0.18705278635025024,
    0.24361597001552582,
    0.34707263112068176,
    0.12664633989334106,
    0.12151208519935608,
    0.10350634157657623,
    0.11612770706415176,
    0.12013953179121017,
    0.10412675142288208,
    0.10926767438650131,
    0.10261843353509903,
    0.15452086925506592,
    0.14918148517608643,
    0.08882053941488266,
    0.11695420742034912,
    0.07934678345918655,
    0.11889435350894928,
    0.10394015908241272,
    0.17368486523628235,
    0.15650580823421478,
    0.11417800933122635,
    0.06419184803962708,
    0.07262220233678818,
    0.1022656038403511,
    0.06791840493679047,
    0.06688565760850906,
    0.06833785772323608,
    0.059818822890520096,
    0.05988743528723717,
    0.05829798802733421,
    0.05518312379717827,
    0.054972052574157715,
    0.05769792199134827,
    0.058719947934150696,
    0.05569520220160484
  ],
  "learning_rate": [
    0.0010000000474974513,
    0.0010000000474974513,
    0.0010000000474974513,
    0.0010000000474974513,
    0.0010000000474974513,
    0.0010000000474974513,
    0.0010000000474974513,
    0.0010000000474974513,
    0.0010000000474974513,
    0.0010000000474974513,
    0.0010000000474974513,
    0.0010000000474974513,
    0.0010000000474974513,
    0.0010000000474974513,
    0.0010000000474974513,
    0.0010000000474974513,
    0.0010000000474974513,
    0.0010000000474974513,
    0.0005000000237487257,
    0.0005000000237487257,
    0.0005000000237487257,
    0.0005000000237487257,
    0.0005000000237487257,
    0.0005000000237487257,
    0.0005000000237487257,
    0.0005000000237487257,
    0.0005000000237487257,
    0.0005000000237487257,
    0.0005000000237487257,
    0.0005000000237487257,
    0.0005000000237487257,
    0.0005000000237487257,
    0.0005000000237487257,
    0.0005000000237487257,
    0.0005000000237487257,
    0.0005000000237487257,
    0.0002500000118743628,
    0.0002500000118743628,
    0.0002500000118743628,
    0.0002500000118743628,
    0.0002500000118743628,
    0.0002500000118743628,
    0.0001250000059371814,
    0.0001250000059371814,
    0.0001250000059371814,
    0.0001250000059371814,
    0.0001250000059371814,
    0.0001250000059371814,
    0.0001250000059371814,
    0.0001250000059371814
  ]
}