{
  "accuracy": [
    0.7994709014892578,
    0.8921692967414856,
    0.9082010388374329,
    0.9312698245048523,
    0.9295238256454468,
    0.9403174519538879,
    0.9444973468780518,
    0.9464550018310547,
    0.9492592811584473,
    0.9533862471580505,
    0.9537566304206848,
    0.9575132131576538,
    0.9592063426971436,
    0.9604232907295227,
    0.962592601776123,
    0.9629629850387573,
    0.9636508226394653,
    0.9759259223937988,
    0.9756084680557251,
    0.9754497408866882,
    0.9741799235343933,
    0.9776719808578491,
    0.9773545265197754,
    0.9773545265197754,
    0.9797883629798889,
    0.9784126877784729,
    0.9832804203033447,
    0.983386218547821,
    0.9858201146125793,
    0.9844444394111633,
    0.9856613874435425,
    0.9849735498428345,
    0.9828571677207947,
    0.9851322770118713,
    0.9877248406410217,
    0.986984133720398,
    0.9871957898139954,
    0.988359808921814,
    0.9896296262741089,
    0.9895766973495483,
    0.9898941516876221,
    0.9898412823677063,
    0.9900000095367432,
    0.9906349182128906,
    0.9907936453819275,
    0.9910582304000854,
    0.9912698268890381,
    0.9920105934143066,
    0.9910053014755249,
    0.9927513003349304
  ],
  "loss": [
    0.6008150577545166,
    0.3324461281299591,
    0.2791212499141693,
    0.2153104841709137,
    0.2180056869983673,
    0.18476644158363342,
    0.176877960562706,
    0.16074614226818085,
    0.1527373194694519,
    0.1456969529390335,
    0.13625946640968323,
    0.1328279972076416,
    0.12341144680976868,
    0.12408071011304855,
    0.11540329456329346,
    0.11657395958900452,
    0.11198467016220093,
    0.07442588359117508,
    0.07134392857551575,
    0.07439308613538742,
    0.07455715537071228,
    0.07048200815916061,
    0.06961622834205627,
    0.07039991766214371,
    0.0646187961101532,
    0.06749027967453003,
    0.050919171422719955,
    0.050834476947784424,
    0.046586837619543076,
    0.047465261071920395,
    0.04577283188700676,
    0.04673420265316963,
    0.049830637872219086,
    0.04342391714453697,
    0.03979973867535591,
    0.042323965579271317,
    0.04030315577983856,
    0.03670121729373932,
    0.03276055306196213,
    0.03357214108109474,
    0.033368825912475586,
    0.03219025954604149,
    0.03152187168598175,
    0.030396824702620506,
    0.029386118054389954,
    0.028378764167428017,
    0.027344709262251854,
    0.027109403163194656,
    0.026940133422613144,
    0.02438516728579998
  ],
  "val_accuracy": [
    0.8985185027122498,
    0.8980246782302856,
    0.9392592310905457,
    0.9392592310905457,
    0.9204938411712646,
    0.9422222375869751,
    0.9432098865509033,
    0.9575308561325073,
    0.9486419558525085,
    0.8758024573326111,
    0.9619753360748291,
    0.9698765277862549,
    0.968641996383667,
    0.9377777576446533,
    0.9545679092407227,
    0.9535802602767944,
    0.9688888788223267,
    0.9753086566925049,
    0.9733333587646484,
    0.9745678901672363,
    0.9792592525482178,
    0.9743210077285767,
    0.9795061945915222,
    0.9738271832466125,
    0.9772839546203613,
    0.9676543474197388,
    0.982962965965271,
    0.9767901301383972,
    0.9827160239219666,
    0.9812345504760742,
    0.9841975569725037,
    0.9832098484039307,
    0.9797530770301819,
    0.9846913814544678,
    0.9809876680374146,
    0.9837037324905396,
    0.9839506149291992,
    0.9861728549003601,
    0.9849382638931274,
    0.9854320883750916,
    0.985679030418396,
    0.9866666793823242,
    0.985679030418396,
    0.9869135618209839,
    0.9859259128570557,
    0.9859259128570557,
    0.9869135618209839,
    0.9861728549003601,
    0.9869135618209839,
    0.9864197373390198
  ],
  "val_loss": [
    0.3042685389518738,
    0.27265918254852295,
    0.1915108561515808,
    0.17709384858608246,
    0.23890814185142517,
    0.17756733298301697,
    0.1604118049144745,
    0.1231338381767273,
    0.15098290145397186,
    0.3446229100227356,
    0.12020491063594818,
    0.08458581566810608,
    0.09090438485145569,
    0.19175851345062256,
    0.13500992953777313,
    0.13861458003520966,
    0.09040451794862747,
    0.06525803357362747,
    0.08516436070203781,
    0.07302651554346085,
    0.05943836644291878,
    0.0739264041185379,
    0.05964388698339462,
    0.07313887029886246,
    0.0671076700091362,
    0.09180178493261337,
    0.0512106753885746,
    0.06545959413051605,
    0.051548197865486145,
    0.04934415966272354,
    0.04768264666199684,
    0.045726925134658813,
    0.05659458413720131,
    0.047575343400239944,
    0.051977258175611496,
    0.04957372322678566,
    0.049238935112953186,
    0.04177335277199745,
    0.043603260070085526,
    0.04371839761734009,
    0.043075039982795715,
    0.04441188648343086,
    0.04206329211592674,
    0.04101402685046196,
    0.04173998534679413,
    0.040833406150341034,
    0.040805358439683914,
    0.03849348425865173,
    0.039440643042325974,
    0.04033783823251724
  ],
  "learning_rate": [
    0.0010000000474974513,
    0.0010000000474974513,
    0.0010000000474974513,
    0.0010000000474974513,
    0.0010000000474974513,
    0.0010000000474974513,
    0.0010000000474974513,
    0.0010000000474974513,
    0.0010000000474974513,
    0.0010000000474974513,
    0.0010000000474974513,
    0.0010000000474974513,
    0.0010000000474974513,
    0.0010000000474974513,
    0.0010000000474974513,
    0.0010000000474974513,
    0.0010000000474974513,
    0.0005000000237487257,
    0.0005000000237487257,
    0.0005000000237487257,
    0.0005000000237487257,
    0.0005000000237487257,
    0.0005000000237487257,
    0.0005000000237487257,
    0.0005000000237487257,
    0.0005000000237487257,
    0.0002500000118743628,
    0.0002500000118743628,
    0.0002500000118743628,
    0.0002500000118743628,
    0.0002500000118743628,
    0.0002500000118743628,
    0.0002500000118743628,
    0.0002500000118743628,
    0.0002500000118743628,
    0.0002500000118743628,
    0.0002500000118743628,
    0.0001250000059371814,
    0.0001250000059371814,
    0.0001250000059371814,
    0.0001250000059371814,
    0.0001250000059371814,
    0.0001250000059371814,
    6.25000029685907e-05,
    6.25000029685907e-05,
    6.25000029685907e-05,
    6.25000029685907e-05,
    6.25000029685907e-05,
    6.25000029685907e-05,
    6.25000029685907e-05
  ]
}