{
  "mean": [
    1353.322509765625,
    1116.9884033203125,
    1042.21533203125,
    946.4851684570312,
    1199.9185791015625,
    2007.42041015625,
    2380.16650390625,
    2307.36181640625,
    733.836669921875,
    12.087947845458984,
    1822.4119873046875,
    1119.0404052734375,
    2606.659423828125
  ],
  "std": [
    245.5586700439453,
    334.5420837402344,
    396.1912536621094,
    595.5859375,
    567.1965942382812,
    860.9268798828125,
    1087.56591796875,
    1119.00634765625,
    403.4854431152344,
    4.666629791259766,
    1001.3883056640625,
    761.1700439453125,
    1232.3511962890625
  ]
}